SKU,Product Name,Group ,Price (RM),Stock (Units),Spec 1 Label,Spec 1 Value,Spec 2 Label,Spec 2 Value,Spec 3 Label,Spec 3 Value,Image URL,Brand
CB-012,MULTI S/L CABLE 1.5MM² ,Cables & S/L,,,Size,1.5mm²,Length,100m,Standard,JKR,images\CABLE\MULTI_1.5mm.jpg,MULTI
CB-013,MULTI S/L CABLE 2.5MM² ,Cables & S/L,,,Size,2.5mm²,Length,100m,Standard,JKR,images\CABLE\MULTI_2.5mm.jpg,MULTI
CB-014,MULTI S/L CABLE 4MM² ,Cables & S/L,,,Size,4mm²,Length,100m,Standard,JKR,images\CABLE\MULTI_4mm.jpg,MULTI
CB-015,MULTI S/L CABLE 6MM² ,Cables & S/L,,,Size,6mm²,Length,100m,Standard,JKR,images\CABLE\MULTI_6mm.jpg,MULTI
CB-016,MULTI S/L CABLE 10MM² ,Cables & S/L,,,Size,10mm²,Length,100m,Standard,JKR,images\CABLE\MULTI_10mm.jpg,MULTI
CB-017,MULTI S/L CABLE 16MM² ,Cables & S/L,,,Size,16mm²,Length,100m,Standard,JKR,images\CABLE\MULTI_16mm.jpg,MULTI
CB-018,MULTI S/L CABLE 25MM² ,Cables & S/L,,,Size,25mm²,Length,100m,Standard,JKR,images\CABLE\MULTI_25mm.jpg,MULTI
CB-019,MPC S/L CABLE 1.5MM² ,Cables & S/L,,,Size,1.5mm²,Length,90m,Standard,SIRIM,images\CABLE\MPC_1.5mm.jpg,MPC
CB-020,MPC S/L CABLE 2.5MM² ,Cables & S/L,,,Size,2.5mm²,Length,90m,Standard,SIRIM,images\CABLE\MPC_2.5mm.jpg,MPC
CB-021,MPC S/L CABLE 4MM² ,Cables & S/L,,,Size,4mm²,Length,90m,Standard,SIRIM,images\CABLE\MPC_4mm.jpg,MPC
CB-022,MPC S/L CABLE 6MM² ,Cables & S/L,,,Size,6mm²,Length,90m,Standard,SIRIM,images\CABLE\MPC_6mm.jpg,MPC
CB-023,MPC S/L CABLE 10MM² ,Cables & S/L,,,Size,10mm²,Length,90m,Standard,SIRIM,images\CABLE\MPC_10mm.jpg,MPC
CB-024,MPC S/L CABLE 16MM² ,Cables & S/L,,,Size,16mm²,Length,90m,Standard,SIRIM,images\CABLE\MPC_16mm.jpg,MPC
CB-025,MPC S/L CABLE 25MM² ,Cables & S/L,,,Size,25mm²,Length,90m,Standard,SIRIM,images\CABLE\MPC_25mm.jpg,MPC
CB-026,FAJAR AUTO CABLE 14/26,Cables & Auto,,,Size,14/26,Length,30m,Standard,SIRIM,images\CABLE\FAJAR_AUTO_CABLE_14_26.jpg,FAJAR
CB-027,FAJAR AUTO CABLE 28/26,Cables & Auto,,,Size,28/26,Length,30m,Standard,SIRIM,images\CABLE\FAJAR_AUTO_CABLE_28_26.jpg,FAJAR
CB-028,FAJAR AUTO CABLE 35/26 ,Cables & Auto,,,Size,35/26,Length,30m,Standard,SIRIM,images\CABLE\FAJAR_AUTO_CABLE_35_26.jpg,FAJAR
CB-029,FAJAR AUTO CABLE 44/26 ,Cables & Auto,,,Size,44/26,Length,30m,Standard,SIRIM,images\CABLE\FAJAR_AUTO_CABLE_44_26.jpg,FAJAR
CB-030,FAJAR AUTO CABLE 65/26 ,Cables & Auto,,,Size,65/26,Length,30m,Standard,SIRIM,images\CABLE\FAJAR_AUTO_CABLE_65_26.jpg,FAJAR
CB-031,FAJAR FLEXIBLE CABLE 3C/1MM,Cables & Flexible,,,Size,3Core X 1mm,Length,90m,Standard,SIRIM,images\CABLE\FAJAR_FLEXIBLE_CABLE_3C_1MM.jpg,FAJAR
CB-032,FAJAR TRS CABLE 3C/1MM,Cables & Flexible,,,Size,3Core X 1mm,Length,100m,Standard,SIRIM,images\CABLE\FAJAR_TRS_CABLE_3C_1MM.jpg,FAJAR
CB-033,FAJAR FLEXIBLE CABLE 3C/1.5MM,Cables & Flexible,,,Size,3Core X 1.5mm,Length,90m,Standard,SIRIM,images\CABLE\FAJAR_FLEXIBLE_CABLE_3C_1.5MM.jpg,FAJAR
CB-034,FAJAR TRS CABLE 3C/1.5MM,Cables & Flexible,,,Size,3Core X 1.5mm,Length,100m,Standard,SIRIM,images\CABLE\FAJAR_TRS_CABLE_3C_1.5MM.jpg,FAJAR
CB-035,FAJAR FLEXIBLE CABLE 3C/2.5MM,Cables & Flexible,,,Size,3Core X 2.5mm,Length,90m,Standard,SIRIM,images\CABLE\FAJAR_FLEXIBLE_CABLE_3C_2.5MM.jpg,FAJAR
CB-036,FAJAR TRS CABLE 3C/2.5MM,Cables & Flexible,,,Size,3Core X 2.5mm,Length,100m,Standard,SIRIM,images\CABLE\FAJAR_TRS_CABLE_3C_2.5MM.jpg,FAJAR
CB-037,FAJAR FLEXIBLE CABLE 3C/4MM,Cables & Flexible,,,Size,3Core X 4mm,Length,90m,Standard,SIRIM,images\CABLE\FAJAR_FLEXIBLE_CABLE_3C_4MM.jpg,FAJAR
CB-038,FAJAR TRS CABLE 3C/4MM,Cables & Flexible,,,Size,3Core X 4mm,Length,100m,Standard,SIRIM,images\CABLE\FAJAR_TRS_CABLE_3C_4MM.jpg,FAJAR
CB-039,FAJAR FLEXIBLE CABLE 3C/6MM,Cables & Flexible,,,Size,3Core X 6mm,Length,90m,Standard,SIRIM,images\CABLE\FAJAR_FLEXIBLE_CABLE_3C_6MM.jpg,FAJAR
CB-040,FAJAR TRS CABLE 4C/1MM,Cables & Flexible,,,Size,4Core X 1mm,Length,100m,Standard,SIRIM,images\CABLE\FAJAR_TRS_CABLE_4C_1MM.jpg,FAJAR
CB-041,FAJAR FLEXIBLE CABLE 4C/1.5MM,Cables & Flexible,,,Size,4Core X 1.5mm,Length,90m,Standard,SIRIM,images\CABLE\FAJAR_FLEXIBLE_CABLE_4C_1.5MM.jpg,FAJAR
CB-042,FAJAR TRS CABLE 4C/1.5MM,Cables & Flexible,,,Size,4Core X 1.5mm,Length,100m,Standard,SIRIM,images\CABLE\FAJAR_TRS_CABLE_4C_1.5MM.jpg,FAJAR
CB-043,FAJAR FLEXIBLE CABLE 4C/1MM,Cables & Flexible,,,Size,4Core X 1mm,Length,90m,Standard,SIRIM,images\CABLE\FAJAR_FLEXIBLE_CABLE_4C_1MM.jpg,FAJAR
CB-044,FAJAR FLEXIBLE CABLE 4C/2.5MM,Cables & Flexible,,,Size,4Core X 2.5mm,Length,90m,Standard,SIRIM,images\CABLE\FAJAR_FLEXIBLE_CABLE_4C_2.5MM.jpg,FAJAR
CB-045,FAJAR TRS CABLE 4C/2.5MM,Cables & Flexible,,,Size,4Core X 2.5mm,Length,100m,Standard,SIRIM,images\CABLE\FAJAR_TRS_CABLE_4C_2.5MM.jpg,FAJAR
CB-046,FAJAR FLEXIBLE CABLE 4C/4MM,Cables & Flexible,,,Size,4Core X 4mm,Length,90m,Standard,SIRIM,images\CABLE\FAJAR_FLEXIBLE_CABLE_4C_4MM.jpg,FAJAR
CB-047,FAJAR TRS CABLE 4C/4MM,Cables & Flexible,,,Size,4Core X 4mm,Length,100m,Standard,SIRIM,images\CABLE\FAJAR_TRS_CABLE_4C_4MM.jpg,FAJAR
CB-048,FAJAR TRS CABLE 4C/6MM,Cables & Flexible,,,Size,4Core X 6mm,Length,100m,Standard,SIRIM,images\CABLE\FAJAR_TRS_CABLE_4C_6MM.jpg,FAJAR
CB-049,FAJAR FLEXIBLE CABLE 5C/1.5MM,Cables & Flexible,,,Size,5Core X 1.5mm,Length,90m,Standard,SIRIM,images\CABLE\FAJAR_FLEXIBLE_CABLE_5C_1.5MM.jpg,FAJAR
CB-050,FAJAR FLEXIBLE CABLE 5C/2.5MM,Cables & Flexible,,,Size,5Core X 2.5mm,Length,90m,Standard,SIRIM,images\CABLE\FAJAR_FLEXIBLE_CABLE_5C_2.5MM.jpg,FAJAR
CB-051,FAJAR TRS CABLE 5C/2.5MM,Cables & Flexible,,,Size,5Core X 2.5mm,Length,100m,Standard,SIRIM,images\CABLE\FAJAR_TRS_CABLE_5C_2.5MM.jpg,FAJAR
CB-052,RPT FLEXIBLE CABLE 3C/23/0016,Cables & Flexible,,,Size,3Core x (23/0016),Length,60m+-,Standard,-,images\CABLE\RPT_FLEXIBLE_CABLE_3C_23_0016.jpg,RPT
CB-053,TONN FLEXIBLE CABLE 3C/1MM,Cables & Flexible,,,Size,3Core X 1mm,Length,90m,Standard,SIRIM,images\CABLE\TONN_FLEXIBLE_CABLE_3C_1MM.jpg,TONN
CB-054,TONN FLEXIBLE CABLE 3C/1.5MM,Cables & Flexible,,,Size,3Core X 1.5mm,Length,90m,Standard,SIRIM,images\CABLE\TONN_FLEXIBLE_CABLE_3C_1.5MM.jpg,TONN
CB-055,TONN FLEXIBLE CABLE 3C/2.5MM,Cables & Flexible,,,Size,3Core X 2.5mm,Length,90m,Standard,SIRIM,images\CABLE\TONN_FLEXIBLE_CABLE_3C_2.5MM.jpg,TONN
CB-056,UMS TRS CABLE 2C/0.75MM,Cables & Flexible,,,Size,2Core X 0.75mm,Length,100m,Standard,SIRIM,images\CABLE\UMS_TRS_CABLE_2C_0.75MM.jpg,UMS
CB-057,UMS FLEXIBLE CABLE 3C/0.75MM,Cables & Flexible,,,Size,3Core X 0.75mm,Length,90m,Standard,SIRIM,images\CABLE\UMS_FLEXIBLE_CABLE_3C_0.75MM.jpg,UMS
CB-058,UMS TRS CABLE 3C/0.75MM,Cables & Flexible,,,Size,3Core X 0.75mm,Length,100m,Standard,SIRIM,images\CABLE\UMS_TRS_CABLE_3C_0.75MM.jpg,UMS
CB-059,UMS FLEXIBLE CABLE 4C/6MM,Cables & Flexible,,,Size,4Core X 6mm,Length,90m,Standard,SIRIM,images\CABLE\UMS_FLEXIBLE_CABLE_4C_6MM.jpg,UMS
CB-060,VITRON FLEX CABLE 3C/40/0076,Cables & Flexible,,,Size,3Core x (40/0076),Length,60m+-,Standard,-,images\CABLE\VITRON_FLEX_CABLE_3C_40_0076.jpg,VITRON
CB-061,VITRON FLEX CABLE 3C/70/0076,Cables & Flexible,,,Size,3Core x (70/0076),Length,60m+-,Standard,-,images\CABLE\VITRON_FLEX_CABLE_3C_70_0076.jpg,VITRON
CB-062,CONTROL CABLE 5C/0.5MM,Cables & Flexible,,,Size,5Core x 0.5mm,Length ,Per Order,Standard,-,images\CABLE\CONTROL_CABLE_5C_0.5MM.jpg,-
CB-063,KYORITSU DIGITAL INSULATION/CONTINUITY TESTER (3005A),Tools&Tester,,,Test Voltage,250/500/1000V,Measuring Range,20/200/2000 MΩ,Output Short current,1.5mA DC,images\TOOL\KYORITSU_DIGITAL_INSULATION_CONTINUITY_TESTER_(3005A).jpg,KYORITSU 
CB-064,KYORITSU DIGITAL CLAMP MULTIMETER (KEW2117R),Tools&Tester,,,AC Current,60/600/1000A,Voltage,600V,Resolution,0.01A,images\TOOL\KYORITSU_KEW2117R_DIGITAL_CLAMP_MULTIMETER.jpg,KYORITSU 
CB-065,UNI-T AC VOLTAGE DETECTOR (UD-12D),Tools&Tester,,,Led indication,Yes,Buzzer,Yes,Voltage,90-1000V,images\TOOL\UNI-T_AC_VOLTAGE_DETECTOR_(UT-12D).jpg,UNI-T
CB-066,UNI-T DIGITAL MULTIMETER (UT-120A),Tools&Tester,,,Voltage ,600V,Current,400mA,Resistance ,40MΩ,images\TOOL\UT-120A-600V_POCKET_SIZE_DIGITAL_MULTIMETER.jpg,UNI-T
CB-067,UNI-T PALM SIZE DIGITAL MULTIMETER (UT33+),Tools&Tester,,,AC Voltage,200-600V,DC Voltage ,200mV-600V,Resistance ,200-200MΩ,images\TOOL\UT33+PALM_SIZE_MULTIMETER.jpg,UNI-T
CB-068,UNI-T DIGITAL CLAMP METER (UT-202A+),Tools&Tester,,,AC Voltage,600V,AC Current ,600A,Resistance ,60MΩ,images\TOOL\UT-202A+DIGITAL_CLAMP_METER.jpg,UNI-T
CB-069,UNI-T DIGITAL AC/DC CLAMP METER (UT-203+),Tools&Tester,,,AC Voltage,600V,AC/DC Current,400A,Resistance ,40MΩ,images\TOOL\UT-203+ DIGITAL_CLAMP_METER _AC_DC.jpg,UNI-T
CB-070,UNI-T INFARED THERMOMETER (UT300A+),Tools&Tester,,,Temperature ,~-20℃~400℃,Accurary,±2°C or ±2%,Response Time,≤500ms,images\TOOL\UNI-T_UT300A+_INFRARED_THERMOMETER.jpg,UNI-T
CB-071,UNI-T INSULATION RESISTANCE TESTER (UT501),Tools&Tester,,,Test voltages,100V/250V/500V/1000V,Insulation resistance (Ω,0Ω~5GΩ,AC voltage,30V~750V,images\TOOL\UNI-T_INSULATION_RESISTANCE_TESTER_(UT501).jpg,UNI-T
CB-072,UNI-T DIGITAL EARTH TESTER (UT521),Tools&Tester,,,Earth resistance ,Ω0~2000Ω,AC earth voltage (V),0~200V,,,images\TOOL\UNI-T_DIGITAL_EARTH_TESTER_(UT521).jpg,UNI-T
CB-073,UNI-T DIGITAL RCD/ELCB TESTER (UT582+),Tools&Tester,,,RCD measurement,10mA/20mA/30mA/100mA/300mA/500mA,Trip time resolution,1ms,Operating voltage ,195V~253V,images\TOOL\UNI-T_DIGITAL_RCD_ELCB_TESTER_(UT582+).jpg,UNI-T
CB-074,SANWA DIGITAL MULTIMETER PM3,Tools&Tester,,,DC Voltage,400m/4/40/300V,AC Voltage,4/40/300V,Resistance,400/4k/40k/400k/4M/40MΩ,images\TOOL\SANWA_PM3_DIGITAL_MULTIMETER.jpg,SANWA
CB-075,SANWA ANALOG MULTIMETER (YX-360TRF),Tools&Tester,,,AC Voltage,10/50/250/750V,DC Current,50μ/2.5m/25m/0.25A,Resistance,200MΩ,images\TOOL\SANWA_YX-360TRF_ANALOG_MULTIMETER.jpg,SANWA
CB-076,PLUTO 10W LED SMD FLOOD LIGHT 3000K (PLT-FL-100),Lighting&Flood,,,Voltage ,240V,Wattage,10W,Temperature,3000K,images\FLOODLIGHT\PLUTO_10W_LED_SMD_FLOODLIGHT_3000K.jpg,PLUTO
CB-077,IWACHI 20W LED SMD 2 FLOOD LIGHT 3000K (ISF20/II),Lighting&Flood,,,Voltage ,240V,Wattage,20W,Temperature,3000K,images\FLOODLIGHT\IWACHI_20W_LED_SMD_2_FLOODLIGHT_6500K.jpg,IWACHI
CB-078,IWACHI 20W LED SMD 2 FLOOD LIGHT 6500K (ISF20/II),Lighting&Flood,,,Voltage ,240V,Wattage,20W,Temperature,6500K,images\FLOODLIGHT\IWACHI_20W_LED_SMD_2_FLOODLIGHT_6500K.jpg,IWACHI
CB-079,IWACHI 30W LED SMD 2 FLOOD LIGHT 3000K (ISF30/II),Lighting&Flood,,,Voltage ,240V,Wattage,30W,Temperature,3000K,images\FLOODLIGHT\IWACHI_30W_LED_SMD_2_FLOODLIGHT_6500K.jpg,IWACHI
CB-080,IWACHI 30W LED SMD 2 FLOOD LIGHT 6500K (ISF30/II),Lighting&Flood,,,Voltage ,240V,Wattage,30W,Temperature,6500K,images\FLOODLIGHT\IWACHI_30W_LED_SMD_2_FLOODLIGHT_6500K.jpg,IWACHI
CB-081,IWACHI 50W LED SMD 2 FLOOD LIGHT 6500K (ISF50/II),Lighting&Flood,,,Voltage ,240V,Wattage,50W,Temperature,6500K,images\FLOODLIGHT\IWACHI_50W_LED_SMD_2_FLOODLIGHT_6500K.jpg,IWACHI
CB-082,IWACHI 100W LED SMD 2 FLOOD LIGHT 6500K (ISF100/II),Lighting&Flood,,,Voltage ,240V,Wattage,100W,Temperature,6500K,images\FLOODLIGHT\IWACHI_100W_LED_SMD_2_FLOODLIGHT_6500K.jpg,IWACHI
CB-083,IWACHI 150W LED SMD II FLOOD LIGHT 6500K (ISF150/II),Lighting&Flood,,,Voltage ,240V,Wattage,150W,Temperature,6500K,images\FLOODLIGHT\IWACHI_150W_LED_SMD_II_FLOODLIGHT_6500K.jpg,IWACHI
CB-084,IWACHI 200W LED SMD II FLOOD LIGHT 6500K (ISF200/II),Lighting&Flood,,,Voltage ,240V,Wattage,200W,Temperature,6500K,images\FLOODLIGHT\IWACHI_200W_LED_SMD_II_FLOODLIGHT_6500K.jpg,IWACHI
CB-085,IWACHI 300W LED SMD 2 FLOOD LIGHT 6500K (ISF300/II),Lighting&Flood,,,Voltage ,240V,Wattage,300W,Temperature,6500K,images\FLOODLIGHT\IWACHI_300W_LED_SMD_2_FLOODLIGHT_6500K.jpg,IWACHI
CB-086,IWACHI 100W SOLAR FLOOD LIGHT 3COLOUR,Lighting&Flood,,,Voltage ,240V,Wattage,100W,Temperature,3Color,images\FLOODLIGHT\IWACHI_100W_SOLAR_FLOOD_LIGHT_3COLOUR.jpg,IWACHI
CB-087,PLUTO 100W LED SOLAR FLOOD LIGHT D/L (PLT-S3000),Lighting&Flood,,,Voltage ,240V,Wattage,100W,Temperature,6500K,images\FLOODLIGHT\PLUTO_100W_LED_SOLAR_FLOODLIGHT_D_L.jpg,PLUTO
CB-088,PLUTO 200W LED SOLAR FLOOD LIGHT D/L (PLT-S3000),Lighting&Flood,,,Voltage ,240V,Wattage,200W,Temperature,6500K,images\FLOODLIGHT\PLUTO_200W_LED_SOLAR_FLOODLIGHT_D_L.jpg,PLUTO
CB-089,ASAHI 500W SOLAR FLOOD LIGHT 6500K (S12E-500W),Lighting&Flood,,,Voltage ,240V,Wattage,500W,Temperature,6500K,images\FLOODLIGHT\ASAHI_500W_SOLAR_FLOODLIGHT_6500K.jpg,ASAHI
CB-090,IWACHI 50W LED SMD 2 FLOOD LIGHT RGB,Lighting&Flood,,,Voltage ,240V,Wattage,50W,Temperature,RGB,images\FLOODLIGHT\IWACHI_50W_LED_SMD_2_FLOODLIGHT_RGB.jpg,IWACHI
CB-091,MINLITE 30W LED FLOOD LIGHT WITH MOTION SENSOR IP66 6500K,Lighting&Flood,,,Voltage ,240V,Wattage,30W,Temperature,6500K,images\FLOODLIGHT\MINLITE_30W_LED_FLOODLIGHT WITH MOTIONSENSOR_IP66_6500K.jpg,MINLITE
CB-092,SINO ELECTRICAL TAPE 1805 BLACK,Tape,,,Width,18mm,Thickness,0.12mm,Length,5m+-,images\TAPE\SINO_ELECTRICAL_TAPE_1805_BLACK.jpg,SINO
CB-093,SINO ELECTRICAL TAPE 1805 BLUE,Tape,,,Width,18mm,Thickness,0.12mm,Length,5m+-,images\TAPE\SINO_ELECTRICAL_TAPE_1805_BLUE.jpg,SINO
CB-094,SINO ELECTRICAL TAPE 1805 GREEN,Tape,,,Width,18mm,Thickness,0.12mm,Length,5m+-,images\TAPE\SINO_ELECTRICAL_TAPE_1805_GREEN.jpg,SINO
CB-095,SINO ELECTRICAL TAPE 1805 RED,Tape,,,Width,18mm,Thickness,0.12mm,Length,5m+-,images\TAPE\SINO_ELECTRICAL_TAPE_1805_RED.jpg,SINO
CB-096,SINO ELECTRICAL TAPE 1805 YELLOW,Tape,,,Width,18mm,Thickness,0.12mm,Length,5m+-,images\TAPE\SINO_ELECTRICAL_TAPE_1805_YELLOW.jpg,SINO
CB-097,SINO ELECTRICAL TAPE 2420 BLACK,Tape,,,Width,24mm,Thickness,0.12mm,Length,20m+-,images\TAPE\SINO_ELECTRICAL_TAPE_2420_BLACK.jpg,SINO
CB-098,SINO ELECTRICAL TAPE 1820 BLACK,Tape,,,Width,18mm,Thickness,0.12mm,Length,20m+-,images\TAPE\SINO_ELECTRICAL_TAPE_1820_BLACK.jpg,SINO
CB-099,VINIE ELECTRICAL TAPE WHITE (18MMX5.1MX0.13MM),Tape,,,Width,18mm,Thickness,0.12mm,Length ,5m+-,images\TAPE\VINIE_ELECTRICAL_TAPE_WHITE_(18MMX5.1MX0.13MM).jpg,VINIE
CB-100,3M TEMFLEX VINYL PVC BLACK TAPE (18MMX5MX0.13MM),Tape,,,Width,18mm,Thickness,0.13mm,Length,5m,images\TAPE\3M_TEMFLEX_VINYL_PVC_BLACK_TAPE_(18MMX5MX0.13MM).jpg,3M
CB-101,3M SCOTH SUPER 33+ (19MMX20.1MTR),Tape,,,Width,19mm,Thickness,0.17-0.18mm,Length,20.1m,images\TAPE\3M_SCOTH_SUPER 33+ (19MMX20.1MTR).jpg,3M
CB-102,SCAPA PIB SELF AMALGAMATING TAPE (9.1MX19MM),Tape,,,Width,19mm,Length,9.1m,,,images\TAPE\SCAPA_PIB_SELF_AMALGAMATING_TAPE (9.1MX19MM).jpg,SCAPA
CB-103,SCAPA PIB SELF AMALGAMATING TAPE (9.1MX25MM),Tape,,,Width,25mm,Length,9.1m,,,images\TAPE\SCAPA_PIB_SELF_AMALGAMATING_TAPE (9.1MX25MM).jpg,SCAPA
CB-104,TEFRON CKUHOH TAPE 13MM,Tape,,,Width ,13mm,Length,10m,,,images\TAPE\TEFRON_CKUHOH_TAPE_13MM.jpg,TEFRON
CB-105,TEFRON CKUHOH TAPE 19MM,Tape,,,Width ,19mm,Length,10m,,,images\TAPE\TEFRON_CKUHOH_TAPE_19MM.jpg,TEFRON
CB-106,TEFRON CKUHOH TAPE 25MM,Tape,,,Width ,25mm,Length,10m,,,images\TAPE\TEFRON_CKUHOH_TAPE_25MM.jpg,TEFRON
CB-107,TEFRON CKUHOH TAPE 38MM,Tape,,,Width ,38mm,Length,10m,,,images\TAPE\TEFRON_CKUHOH_TAPE_38MM.jpg,TEFRON
CB-108,TEFRON CKUHOH TAPE 50MM,Tape,,,Width ,50mm,Length,10m,,,images\TAPE\TEFRON_CKUHOH_TAPE_50MM.jpg,TEFRON
CB-109,PVC-LINK MCB BOX 12-16 WAY TRANSPARENT,DB,,,Length,327mm,Width,176mm,Height,98mm,images\DB\PVC-LINK_MCB_BOX_12-16_WAY_TRANSPARENT.jpg,PVC-LINK
CB-110,PVC-LINK MCB BOX 15-19 WAY TRANSPARENT,DB,,,Length,381mm,Width,176mm,Height,98mm,images\DB\PVC-LINK_MCB_BOX_15-19_WAY_TRANSPARENT.jpg,PVC-LINK
CB-111,PVC-LINK MCB BOX 19-23 WAY TRANSPARENT,DB,,,Length,454mm,Width,175mm,Height,98mm,images\DB\PVC-LINK_MCB_BOX_19-23 WAY_TRANSPARENT.jpg,PVC-LINK
CB-112,PVC-LINK MCB BOX 26-28 WAY TRANSPARENT,DB,,,Length,290mm,Width,370mm,Height,120mm,images\DB\PVC-LINK_MCB_BOX_26-28_WAY_TRANSPARENT.jpg,PVC-LINK
CB-113,PVC-LINK MCB BOX 26-28 WAY WHITE,DB,,,Length,290mm,Width,370mm,Height,120mm,images\DB\PVC-LINK_MCB_BOX_26-28_WAY_WHITE.jpg,PVC-LINK
CB-114,PVC-LINK MCB BOX 39-42 WAY WHITE,DB,,,Length,295mm,Width,495mm,Height,120mm,images\DB\PVC-LINK_MCB_BOX_39-42_WAY_WHITE.jpg,PVC-LINK
CB-115,PVC-LINK MCB BOX 6-10 WAY TRANSPARENT,DB,,,Length,222mm,Width,146mm,Height,98mm,images\DB\PVC-LINK_MCB_BOX_6-10_WAY_TRANSPARENT.jpg,PVC-LINK
CB-116,PVC-LINK MCB BOX 8-12 WAY TRANSPARENT,DB,,,Length,256mm,Width,176mm,Height,98mm,images\DB\PVC-LINK_MCB_BOX_8-12_WAY_TRANSPARENT.jpg,PVC-LINK
CB-117,THEBEN 24 HOURS PLUG IN TIMER,TIMER,,,Load,13A,Operating Temp,0°C~ 40°C ,Voltage,240VAC,images\TIMER\THEBEN_24_HOURS_PLUG_IN_TIMER.jpg,THEBEN
CB-118,EPS 24HOUR TIMER DIN RAIL TYPE (ET-24) ,TIMER,,,Load,16A,Mounting ,35mm Din Rail,Voltage,240VAC,images\TIMER\EPS_ET-24_24HOUR_TIMER_DIN_RAIL_TYPE.jpg,EPS
CB-119,HAGER DIGITAL TIMER 230V (EGN103),TIMER,,,Load,16A,Mounting ,35mm Din Rail,Voltage,240VAC,images\TIMER\HAGER_DIGITAL_TIMER_230V_EGN103.jpg,HAGER
CB-120,HAGER ANALOG TIMER 16A (EHN711),TIMER,,,Load,16A,Power Reserve,200 Hours,Voltage,240VAC,images\TIMER\HAGER_EHN711_16A_ANALOG_TIMER.jpg,HAGER
CB-121,MK ANALOG TIMER 16A (T5808),TIMER,,,Load,16A,Power Reserve,120 Hours,Voltage,240VAC,images\TIMER\MK_T5808_16A_ANALOG_TIMER.jpg,MK
CB-122,SCHNEIDER 24H TIME SWT WITH RESERVE (CCT15101),TIMER,,,Load,16A,Power Reserve,24 Hours,Voltage,240VAC,images\TIMER\SCHNEIDER_CCT15101_24H_TIME_SWT_WITH_RESERVE.jpg,SCHNEIDER
CB-123,EPS MCB 6-63A 1P,CB,,,Rated Current,6A-63A,Pole,1,Tripping Curve,Type C,images\CB\EPS_MCB_1P.jpg,EPS
CB-124,EPS MCB 6-63A 2P,CB,,,Rated Current,6A-63A,Pole,2,Tripping Curve,Type C,images\CB\EPS_MCB_2P.jpg,EPS
CB-125,EPS MCB 6-63A 3P,CB,,,Rated Current,6A-63A,Pole,3,Tripping Curve,Type C,images\CB\EPS_MCB_3P.jpg,EPS
CB-126,EPS ELCB 40A 2POLE 100MA (402EM),CB,,,Rated Current,40A,Pole,2,Fault Current Sensitivity,100mA,images\CB\ELCB_40A_2P_100ma.jpg,EPS
CB-127,EPS ELCB 63A 2POLE 100MA (632EM),CB,,,Rated Current,63A,Pole,2,Fault Current Sensitivity,100mA,images\CB\ELCB_63A_2P _100ma.jpg,EPS
CB-128,EPS ELCB 40A 4POLE 300MA (404EL),CB,,,Rated Current,40A,Pole,4,Fault Current Sensitivity,300mA,images\CB\ELCB_40A_4P_300ma.jpg,EPS
CB-129,EPS ELCB 63A 4POLE 300MA (634EL),CB,,,Rated Current,63A,Pole,4,Fault Current Sensitivity,300mA,images\CB\ELCB_63A_4P_300ma.jpg,EPS
CB-130,EPS ELCB 100A 4POLE 300MA (1004EL),CB,,,Rated Current,100A,Pole,4,Fault Current Sensitivity,300mA,images\CB\ELCB_100A_4P_300ma.jpg,EPS
CB-131,EPS ELCB 40A 4POLE 100MA (404EM),CB,,,Rated Current,40A,Pole,4,Fault Current Sensitivity,100mA,images\CB\ELCB_40A_4P_100ma.jpg,EPS
CB-132,EPS ELCB 63A 4POLE 100MA (634EM),CB,,,Rated Current,63A,Pole,4,Fault Current Sensitivity,100mA,images\CB\ELCB_63A_4P_100ma.jpg,EPS
CB-133,EPS ELCB 100A 4POLE 100MA (1004EM),CB,,,Rated Current,100A,Pole,4,Fault Current Sensitivity,100mA,images\CB\ELCB_100A_4P_100ma.jpg,EPS
CB-134,EPS ELCB 40A 2POLE 30MA (402EH),CB,,,Rated Current,40A,Pole,2,Fault Current Sensitivity,30mA,images\CB\ELCB_40A_2P_30ma.jpg,EPS
CB-135,EPS ELCB 63A 2POLE 30MA (632EH),CB,,,Rated Current,63A,Pole,2,Fault Current Sensitivity,30mA,images\CB\ELCB _63A_2P_30ma.jpg,EPS
CB-136,EPS ELCB 40A 4POLE 30MA (404EH),CB,,,Rated Current,40A,Pole,4,Fault Current Sensitivity,30mA,images\CB\ELCB_40A_4P_300ma.jpg,EPS
CB-137,EPS ELCB 63A 4POLE 30MA (634EH),CB,,,Rated Current,63A,Pole,4,Fault Current Sensitivity,30mA,images\CB\ELCB_63A_4P_300ma.jpg,EPS
CB-138,EPS ELCB 20A 2POLE 10MA (NGPL-202EX),CB,,,Rated Current,20A,Pole,2,Fault Current Sensitivity,10mA,images\CB\ELCB_20A_2P_10ma.jpg,EPS
CB-139,EPS MCCB 3P 63A 35KA,CB,,,Rated Current,63A,Pole,3,Breaking Capacity,35KA,images\CB\EPS_MCCB_63A_3P_35KA.jpg,EPS
CB-140,EPS MCCB 3P 80A 25KA,CB,,,Rated Current,80A,Pole,3,Breaking Capacity,25KA,images\CB\EPS_MCCB_80A_3P_25KA.jpg,EPS
CB-141,EPS MCCB 3P 100A 35KA,CB,,,Rated Current,100A,Pole,3,Breaking Capacity,35KA,images\CB\EPS_MCCB_100A_3P_35KA.jpg,EPS
CB-142,EATON ELCB 100A 4P 300MA,CB,,,Rated Current,100A,Pole,4,Fault Current Sensitivity,300mA,images\CB\EATON_ELCB_100A_4P_300MA.jpg,EATON
CB-143,EATON ELCB 40A 2P 100MA,CB,,,Rated Current,40A,Pole,2,Fault Current Sensitivity,100mA,images\CB\EATON_ELCB_40A_2P_100MA.jpg,EATON
CB-144,EATON ELCB 40A 4P 300MA,CB,,,Rated Current,40A,Pole,4,Fault Current Sensitivity,300mA,images\CB\EATON_ELCB_40A_4P_300MA.jpg,EATON
CB-145,EATON ELCB 63A 2P 100MA,CB,,,Rated Current,63A,Pole,2,Fault Current Sensitivity,100mA,images\CB\EATON_ELCB_63A_2P_100MA.jpg,EATON
CB-146,EATON ELCB 63A 4P 300MA,CB,,,Rated Current,63A,Pole,4,Fault Current Sensitivity,300mA,images\CB\EATON_ELCB_63A_4P_300MA.jpg,EATON
CB-147,EATON ISOLATOR 32A 2P,CB,,,Rated Current,32A,Pole,2,,,images\CB\EATON_ISOLATOR_32A_2P.jpg,EATON
CB-148,EATON ISOLATOR 63A 2P,CB,,,Rated Current,63A,Pole,2,,,images\CB\EATON_ISOLATOR_63A_2P.jpg,EATON
CB-149,EPS SURGE PROTECTOR DEVICE 1P+N 40KA (VCT-T2),CB,,,Max Discharge Current,40KA,Pole,2,,,images\CB\EPS_SURGE_PROTECTOR_DEVICE_1P+N_40KA(VCT-T2).jpg,EPS
CB-150,EPS SURGE PROTECTOR DEVICE 3P+N 40KA (VCT-T2),CB,,,Max Discharge Current,40KA,Pole,4,,,images\CB\EPS_SURGE_PROTECTOR_DEVICE_3P+N_40KA(VCT-T2).jpg,EPS
CB-151,SCHNEIDER ELCB 40A 2P 30MA TYPE A (A9R51240),CB,,,Rated Current,40A,Pole,2,Fault Current Sensitivity,30mA,images\CB\SCHNEIDER_ELCB_40A_2P_30MA_TYPE_A(A9R51240).jpg,SCHNEIDER
CB-152,SCHNEIDER ELCB 40A 4P 30MA TYPE A (A9R51440),CB,,,Rated Current,40A,Pole,4,Fault Current Sensitivity,30mA,images\CB\SCHNEIDER_ELCB_40A_4P_30MA_TYPE_A(A9R51440).jpg,SCHNEIDER
CB-153,SCHNEIDER ELCB 63A 2P 30MA TYPE A (A9R51263),CB,,,Rated Current,63A,Pole,2,Fault Current Sensitivity,30mA,images\CB\SCHNEIDER_ELCB_63A_2P_30MA_TYPE_A(A9R51263).jpg,SCHNEIDER
CB-154,SCHNEIDER ELCB 63A 4P 30MA TYPE A (A9R51463),CB,,,Rated Current,63A,Pole,4,Fault Current Sensitivity,30mA,images\CB\SCHNEIDER_ELC_ 63A_4P_30MA_TYPE_A_(A9R51463).jpg,SCHNEIDER
CB-155,HAGER ELCB 100A 4P 300MA (CFC684B),CB,,,Rated Current,100A,Pole,4,Fault Current Sensitivity,300mA,images\CB\HAGER_ELCB_100A_4P_300MA(CFC684B).jpg,HAGER
CB-156,HAGER ELCB 40A 2P 100MA (CE240B),CB,,,Rated Current,40A,Pole,2,Fault Current Sensitivity,100mA,images\CB\HAGER_ELCB_40A_2P_100MA(CE240B).jpg,HAGER
CB-157,HAGER ELCB 40A 4P 300MA (CF440B),CB,,,Rated Current,40A,Pole,4,Fault Current Sensitivity,300mA,images\CB\HAGER_ELCB_40A_4P_300MA(CF440B).jpg,HAGER
CB-158,HAGER ELCB 63A 2P 100MA (CE263B),CB,,,Rated Current,63A,Pole,2,Fault Current Sensitivity,100mA,images\CB\HAGER_ELCB_63A_2P_100MA(CE263B).jpg,HAGER
CB-159,HAGER ELCB 63A 4P 300MA (CF463B),CB,,,Rated Current,63A,Pole,4,Fault Current Sensitivity,300mA,images\CB\HAGER_ELCB_63A_4P_300MA(CF463B).jpg,HAGER
CB-160,,,,,,,,,,,,
CB-161,,,,,,,,,,,,
CB-162,,,,,,,,,,,,
CB-163,,,,,,,,,,,,
CB-164,,,,,,,,,,,,
CB-165,,,,,,,,,,,,
CB-166,,,,,,,,,,,,
CB-167,,,,,,,,,,,,
CB-168,"UST LED DOWNLIGHT 4"" 12W RD 4000K/6500K",Downlight,,,Size,"4""",Wattage,12W,Color,4000k/6500K,images\DL\UST_LED_DOWNLIGHT_4__12W_RD.jpg,UST
CB-169,"UST LED DOB DOWNLIGHT GLASS 4"" 12W RD 6500K",Downlight,,,Size,"4""",Wattage,12W,Color,6500K,images\DL\UST_LED_DOB_DOWNLIGHT_GLASS 4_12W_RD.jpg,UST
CB-170,"UST LED DOB DOWNLIGHT GLASS 4"" 12W SQ 6500K",Downlight,,,Size,"4""",Wattage,12W,Color,6500K,images\DL\UST_LED_DOB_DOWNLIGHT_GLASS 4_12W_SQ.jpg,UST
CB-171,"UST LED DOWNLIGHT 6"" 18W RD 4000K/6500K",Downlight,,,Size,"6""",Wattage,18W,Color,4000K/6500K,images\DL\UST_LED_DOWNLIGHT_6_18W_RD.jpg,UST
CB-172,"UST LED DOB DOWNLIGHT GLASS 6"" 18W RD 6500K",Downlight,,,Size,"6""",Wattage,18W,Color,6500K,images\DL\UST_LED_DOB_DOWNLIGHT_GLASS_6_18W_RD.jpg,UST
CB-173,"UST LED DOB DOWNLIGHT GLASS 6"" 18W SQ 6500K",Downlight,,,Size,"6""",Wattage,18W,Color,6500K,images\DL\UST_LED_DOB_DOWNLIGHT_GLASS_6_18W_SQ.jpg,UST
CB-174,"UST LED DOWNLIGHT 8"" 24W RD 6500K",Downlight,,,Size,"8""",Wattage,24W,Color,6500K,images\DL\UST_LED_DOWNLIGHT_8_24W_RD_6500K.jpg,UST
CB-175,"PHILIPS MESON LED DOWNLIGHT 5"" 13W RD 4000K/6500K (59464)",Downlight,,,Size,"5""",Wattage,13W,Color,4000K/6500K,images\DL\PHILIPS_MESON_LED_DOWNLIGHT_5_13W_RD_4000K_6500K.jpg,PHILIPS
CB-176,"PHILIPS MESON LED DOWNLIGHT 5"" 13W SQ 4000K/6500K (59465)",Downlight,,,Size,"5""",Wattage,13W,Color,4000K/6500K,images\DL\PHILIPS_MESON_LED_DOWNLIGHT 5_13W_SQ_4000K_6500K.jpg,PHILIPS
CB-177,"PHILIPS MESON LED DOWNLIGHT 6"" 17W RD 4000K/6500K (59466)",Downlight,,,Size,"6""",Wattage,17W,Color,4000k/6500K,images\DL\PHILIPS_MESON_LED_DOWNLIGHT_6_17W_RD_4000K_6500K.jpg,PHILIPS
CB-178,"PHILIPS MESON LED DOWNLIGHT 6"" 17W SQ 4000K/6500K (59467)",Downlight,,,Size,"6""",Wattage,17W,Color,4000k/6500K,images\DL\PHILIPS_MESON_LED_DOWNLIGHT_6_17W_SQ_4000K_6500K.jpg,PHILIPS
CB-179,"ECOBRIGHT LED SURFACE DOWNLIGHT 12"" 30W RD 6500K (EB-500)",Downlight,,,Size,"12""",Wattage,30W,Color,6500K,images\DL\ECOBRIGHT_LED_SURFACE_DOWNLIGHT_12_30W_RD.jpg,ECOBRIGHT
CB-180,"ECOBRIGHT LED SURFACE DOWNLIGHT 12"" 30W SQ 6500K (EB-500)",Downlight,,,Size,"12""",Wattage,30W,Color,6500K,images\DL\.jpg,ECOBRIGHT
CB-181,"ECOBRIGHT LED SURFACE DOWNLIGHT 6"" 20W RD 6500K (EB-500)",Downlight,,,Size,"6""",Wattage,20W,Color,6500K,images\DL\ECOBRIGHT_LED_SURFACE_DOWNLIGHT_6_20W_RD.jpg,ECOBRIGHT
CB-182,"ECOBRIGHT LED SURFACE DOWNLIGHT 6"" 20W SQ 6500K (EB-500)",Downlight,,,Size,"6""",Wattage,20W,Color,6500K,images\DL\ECOBRIGHT_LED_SURFACE_DOWNLIGHT_6_20W_SQ_V2.jpg,ECOBRIGHT
CB-183,"ECOBRIGHT LED SURFACE DOWNLIGHT 8"" 24W RD 4000K/6500K (EB-500)",Downlight,,,Size,"8""",Wattage,24W,Color,4000k/6500K,images\DL\ECOBRIGHT_LED_SURFACE_DOWNLIGHT_8_24W_RD.jpg,ECOBRIGHT
CB-184,"ECOBRIGHT LED SURFACE DOWNLIGHT 8"" 24W SQ 6500K (EB-500)",Downlight,,,Size,"8""",Wattage,24W,Color,6500K,images\DL\ECOBRIGHT_LED_SURFACE_DOWNLIGHT_8_24W_SQ_6500K(EB-500).jpg,ECOBRIGHT
CB-185,"ECOBRIGHT LED DOWNLIGHT 4"" 12W RD 6500K (EB-555)",Downlight,,,Size,"4""",Wattage,12W,Color,6500K,images\DL\ECOBRIGHT_LED_DOWNLIGHT 4_12W_RD_6500K(EB-555).jpg,ECOBRIGHT
CB-186,"ECOBRIGHT LED DOWNLIGHT 4"" 12W SQ 6500K (EB-555)",Downlight,,,Size,"4""",Wattage,12W,Color,6500K,images\DL\ECOBRIGHT_LED_DOWNLIGHT_4_12W_SQ_6500K.jpg,ECOBRIGHT
CB-187,"ECOBRIGHT LED DOWNLIGHT 6"" 20W SQ 6500K (EB-555)",Downlight,,,Size,"6""",Wattage,20W,Color,6500K,images\DL\ECOBRIGHT_LED_DOWNLIGHT_6_20W_SQ.jpg,ECOBRIGHT
CB-188,PHILIPS LED EYEBALL 7W RD 4000K (59776),EYEBALL,,,Size,"3.5""",Wattage,7W,color,4000K,images\DL\PHILIPS_LED_EYEBALL_7W_RD_4000K(59776).jpg,PHILIPS
CB-189,IWACHI LED EYEBALL 8W RD 3000K (IEYEB-8/WW),EYEBALL,,,Size,"4""",Wattage,8W,Color,3000K,images\DL\IWACHI_LED_EYEBALL_8W_RD_3000K(IEYEB-8_WW).jpg,IWACHI
CB-190,ECONLITE KELUAR SIGN (LE-908SL),EMERGENCY,,,Type,LED,Voltage,240VAC,Spec,SIRIM/JKR,images\EMG\ECONLITE_KELUAR_SIGN(LE-908SL).jpg,ECONLITE
CB-191,ECONLITE KELUAR SIGN SEMI RECESSED SINGLE-SID (LE-215),EMERGENCY,,,Type,LED,Voltage,240VAC,Spec,SIRIM/JKR,images\EMG\ECONLITE_KELUAR_SIGN_SEMI_RECESSED_SINGLE-SID(LE-215).jpg,ECONLITE
CB-192,ECONLITE EMERGENCY LIGHT (LE115),EMERGENCY,,,Type,LED,Voltage,240VAC,Spec,SIRIM/JKR,images\EMG\ECONLITE_EMERGENCY_LIGHT(LE115).jpg,ECONLITE
CB-193,KELIP-KELIP EMERGENCY DOWNLIGHT 3W ROUND (BE1ST FIREFLY-R93),EMERGENCY,,,Type,LED,Voltage,240VAC,Spec,SIRIM/JKR,images\EMG\KELIP-KELIP_EMERGENCY_DOWNLIGHT_3W_ROUND(BE1ST FIREFLY-R93).jpg,KELIP
CB-194,KELIP-KELIP KELUAR SIGN (BE1ST 101B),EMERGENCY,,,Type,LED,Voltage,240VAC,Spec,SIRIM/JKR,images\EMG\KELIP-KELIP_KELUAR_SIGN(BE1ST 101B).jpg,KELIP
CB-195,KELIP-KELIP EMERGENCY LIGHT SURFACE (KEL 12L-44P),EMERGENCY,,,Type,LED,Voltage,240VAC,Spec,SIRIM/JKR,images\EMG\KELIP-KELIP EMERGENCY_LIGHT_SURFACE(KEL 12L-44P).jpg.jpg,KELIP
CB-196,VITALITE EMERGENCY LIGHT RECESSED TYPE (VEL360/R),EMERGENCY,,,Type,LED,Voltage,240VAC,Spec,SIRIM/JKR,images\EMG\VITALITE_EMERGENCY_LIGHT_RECESSED_TYPE_(VEL360_R).jpg,VITALITE
